28628,/home/yding402/fba-data/MIG-FBA-Data-Cleaning/cleaned/audio/bystudent/2013/concert/28628/28628.mp3,/home/yding402/fba-data/MIG-FBA-Data-Cleaning/cleaned/segmentation/bystudent/2013/concert/28628/28628_seginst.csv
28644,/home/yding402/fba-data/MIG-FBA-Data-Cleaning/cleaned/audio/bystudent/2013/concert/28644/28644.mp3,/home/yding402/fba-data/MIG-FBA-Data-Cleaning/cleaned/segmentation/bystudent/2013/concert/28644/28644_seginst.csv
28729,/home/yding402/fba-data/MIG-FBA-Data-Cleaning/cleaned/audio/bystudent/2013/concert/28729/28729.mp3,/home/yding402/fba-data/MIG-FBA-Data-Cleaning/cleaned/segmentation/bystudent/2013/concert/28729/28729_seginst.csv
28732,/home/yding402/fba-data/MIG-FBA-Data-Cleaning/cleaned/audio/bystudent/2013/concert/28732/28732.mp3,/home/yding402/fba-data/MIG-FBA-Data-Cleaning/cleaned/segmentation/bystudent/2013/concert/28732/28732_seginst.csv
28808,/home/yding402/fba-data/MIG-FBA-Data-Cleaning/cleaned/audio/bystudent/2013/concert/28808/28808.mp3,/home/yding402/fba-data/MIG-FBA-Data-Cleaning/cleaned/segmentation/bystudent/2013/concert/28808/28808_seginst.csv
28896,/home/yding402/fba-data/MIG-FBA-Data-Cleaning/cleaned/audio/bystudent/2013/concert/28896/28896.mp3,/home/yding402/fba-data/MIG-FBA-Data-Cleaning/cleaned/segmentation/bystudent/2013/concert/28896/28896_seginst.csv
28991,/home/yding402/fba-data/MIG-FBA-Data-Cleaning/cleaned/audio/bystudent/2013/concert/28991/28991.mp3,/home/yding402/fba-data/MIG-FBA-Data-Cleaning/cleaned/segmentation/bystudent/2013/concert/28991/28991_seginst.csv
29088,/home/yding402/fba-data/MIG-FBA-Data-Cleaning/cleaned/audio/bystudent/2013/concert/29088/29088.mp3,/home/yding402/fba-data/MIG-FBA-Data-Cleaning/cleaned/segmentation/bystudent/2013/concert/29088/29088_seginst.csv
29132,/home/yding402/fba-data/MIG-FBA-Data-Cleaning/cleaned/audio/bystudent/2013/concert/29132/29132.mp3,/home/yding402/fba-data/MIG-FBA-Data-Cleaning/cleaned/segmentation/bystudent/2013/concert/29132/29132_seginst.csv
29142,/home/yding402/fba-data/MIG-FBA-Data-Cleaning/cleaned/audio/bystudent/2013/concert/29142/29142.mp3,/home/yding402/fba-data/MIG-FBA-Data-Cleaning/cleaned/segmentation/bystudent/2013/concert/29142/29142_seginst.csv
29144,/home/yding402/fba-data/MIG-FBA-Data-Cleaning/cleaned/audio/bystudent/2013/concert/29144/29144.mp3,/home/yding402/fba-data/MIG-FBA-Data-Cleaning/cleaned/segmentation/bystudent/2013/concert/29144/29144_seginst.csv
29227,/home/yding402/fba-data/MIG-FBA-Data-Cleaning/cleaned/audio/bystudent/2013/concert/29227/29227.mp3,/home/yding402/fba-data/MIG-FBA-Data-Cleaning/cleaned/segmentation/bystudent/2013/concert/29227/29227_seginst.csv
29254,/home/yding402/fba-data/MIG-FBA-Data-Cleaning/cleaned/audio/bystudent/2013/concert/29254/29254.mp3,/home/yding402/fba-data/MIG-FBA-Data-Cleaning/cleaned/segmentation/bystudent/2013/concert/29254/29254_seginst.csv
29289,/home/yding402/fba-data/MIG-FBA-Data-Cleaning/cleaned/audio/bystudent/2013/concert/29289/29289.mp3,/home/yding402/fba-data/MIG-FBA-Data-Cleaning/cleaned/segmentation/bystudent/2013/concert/29289/29289_seginst.csv
29293,/home/yding402/fba-data/MIG-FBA-Data-Cleaning/cleaned/audio/bystudent/2013/concert/29293/29293.mp3,/home/yding402/fba-data/MIG-FBA-Data-Cleaning/cleaned/segmentation/bystudent/2013/concert/29293/29293_seginst.csv
29356,/home/yding402/fba-data/MIG-FBA-Data-Cleaning/cleaned/audio/bystudent/2013/concert/29356/29356.mp3,/home/yding402/fba-data/MIG-FBA-Data-Cleaning/cleaned/segmentation/bystudent/2013/concert/29356/29356_seginst.csv
29404,/home/yding402/fba-data/MIG-FBA-Data-Cleaning/cleaned/audio/bystudent/2013/concert/29404/29404.mp3,/home/yding402/fba-data/MIG-FBA-Data-Cleaning/cleaned/segmentation/bystudent/2013/concert/29404/29404_seginst.csv
29418,/home/yding402/fba-data/MIG-FBA-Data-Cleaning/cleaned/audio/bystudent/2013/concert/29418/29418.mp3,/home/yding402/fba-data/MIG-FBA-Data-Cleaning/cleaned/segmentation/bystudent/2013/concert/29418/29418_seginst.csv
29425,/home/yding402/fba-data/MIG-FBA-Data-Cleaning/cleaned/audio/bystudent/2013/concert/29425/29425.mp3,/home/yding402/fba-data/MIG-FBA-Data-Cleaning/cleaned/segmentation/bystudent/2013/concert/29425/29425_seginst.csv
29478,/home/yding402/fba-data/MIG-FBA-Data-Cleaning/cleaned/audio/bystudent/2013/concert/29478/29478.mp3,/home/yding402/fba-data/MIG-FBA-Data-Cleaning/cleaned/segmentation/bystudent/2013/concert/29478/29478_seginst.csv
29479,/home/yding402/fba-data/MIG-FBA-Data-Cleaning/cleaned/audio/bystudent/2013/concert/29479/29479.mp3,/home/yding402/fba-data/MIG-FBA-Data-Cleaning/cleaned/segmentation/bystudent/2013/concert/29479/29479_seginst.csv
29508,/home/yding402/fba-data/MIG-FBA-Data-Cleaning/cleaned/audio/bystudent/2013/concert/29508/29508.mp3,/home/yding402/fba-data/MIG-FBA-Data-Cleaning/cleaned/segmentation/bystudent/2013/concert/29508/29508_seginst.csv
29522,/home/yding402/fba-data/MIG-FBA-Data-Cleaning/cleaned/audio/bystudent/2013/concert/29522/29522.mp3,/home/yding402/fba-data/MIG-FBA-Data-Cleaning/cleaned/segmentation/bystudent/2013/concert/29522/29522_seginst.csv
29527,/home/yding402/fba-data/MIG-FBA-Data-Cleaning/cleaned/audio/bystudent/2013/concert/29527/29527.mp3,/home/yding402/fba-data/MIG-FBA-Data-Cleaning/cleaned/segmentation/bystudent/2013/concert/29527/29527_seginst.csv
29529,/home/yding402/fba-data/MIG-FBA-Data-Cleaning/cleaned/audio/bystudent/2013/concert/29529/29529.mp3,/home/yding402/fba-data/MIG-FBA-Data-Cleaning/cleaned/segmentation/bystudent/2013/concert/29529/29529_seginst.csv
29532,/home/yding402/fba-data/MIG-FBA-Data-Cleaning/cleaned/audio/bystudent/2013/concert/29532/29532.mp3,/home/yding402/fba-data/MIG-FBA-Data-Cleaning/cleaned/segmentation/bystudent/2013/concert/29532/29532_seginst.csv
29549,/home/yding402/fba-data/MIG-FBA-Data-Cleaning/cleaned/audio/bystudent/2013/concert/29549/29549.mp3,/home/yding402/fba-data/MIG-FBA-Data-Cleaning/cleaned/segmentation/bystudent/2013/concert/29549/29549_seginst.csv
29552,/home/yding402/fba-data/MIG-FBA-Data-Cleaning/cleaned/audio/bystudent/2013/concert/29552/29552.mp3,/home/yding402/fba-data/MIG-FBA-Data-Cleaning/cleaned/segmentation/bystudent/2013/concert/29552/29552_seginst.csv
29558,/home/yding402/fba-data/MIG-FBA-Data-Cleaning/cleaned/audio/bystudent/2013/concert/29558/29558.mp3,/home/yding402/fba-data/MIG-FBA-Data-Cleaning/cleaned/segmentation/bystudent/2013/concert/29558/29558_seginst.csv
29561,/home/yding402/fba-data/MIG-FBA-Data-Cleaning/cleaned/audio/bystudent/2013/concert/29561/29561.mp3,/home/yding402/fba-data/MIG-FBA-Data-Cleaning/cleaned/segmentation/bystudent/2013/concert/29561/29561_seginst.csv
29676,/home/yding402/fba-data/MIG-FBA-Data-Cleaning/cleaned/audio/bystudent/2013/concert/29676/29676.mp3,/home/yding402/fba-data/MIG-FBA-Data-Cleaning/cleaned/segmentation/bystudent/2013/concert/29676/29676_seginst.csv
29715,/home/yding402/fba-data/MIG-FBA-Data-Cleaning/cleaned/audio/bystudent/2013/concert/29715/29715.mp3,/home/yding402/fba-data/MIG-FBA-Data-Cleaning/cleaned/segmentation/bystudent/2013/concert/29715/29715_seginst.csv
29729,/home/yding402/fba-data/MIG-FBA-Data-Cleaning/cleaned/audio/bystudent/2013/concert/29729/29729.mp3,/home/yding402/fba-data/MIG-FBA-Data-Cleaning/cleaned/segmentation/bystudent/2013/concert/29729/29729_seginst.csv
29777,/home/yding402/fba-data/MIG-FBA-Data-Cleaning/cleaned/audio/bystudent/2013/concert/29777/29777.mp3,/home/yding402/fba-data/MIG-FBA-Data-Cleaning/cleaned/segmentation/bystudent/2013/concert/29777/29777_seginst.csv
29793,/home/yding402/fba-data/MIG-FBA-Data-Cleaning/cleaned/audio/bystudent/2013/concert/29793/29793.mp3,/home/yding402/fba-data/MIG-FBA-Data-Cleaning/cleaned/segmentation/bystudent/2013/concert/29793/29793_seginst.csv
29883,/home/yding402/fba-data/MIG-FBA-Data-Cleaning/cleaned/audio/bystudent/2013/concert/29883/29883.mp3,/home/yding402/fba-data/MIG-FBA-Data-Cleaning/cleaned/segmentation/bystudent/2013/concert/29883/29883_seginst.csv
29947,/home/yding402/fba-data/MIG-FBA-Data-Cleaning/cleaned/audio/bystudent/2013/concert/29947/29947.mp3,/home/yding402/fba-data/MIG-FBA-Data-Cleaning/cleaned/segmentation/bystudent/2013/concert/29947/29947_seginst.csv
29950,/home/yding402/fba-data/MIG-FBA-Data-Cleaning/cleaned/audio/bystudent/2013/concert/29950/29950.mp3,/home/yding402/fba-data/MIG-FBA-Data-Cleaning/cleaned/segmentation/bystudent/2013/concert/29950/29950_seginst.csv
29958,/home/yding402/fba-data/MIG-FBA-Data-Cleaning/cleaned/audio/bystudent/2013/concert/29958/29958.mp3,/home/yding402/fba-data/MIG-FBA-Data-Cleaning/cleaned/segmentation/bystudent/2013/concert/29958/29958_seginst.csv
29965,/home/yding402/fba-data/MIG-FBA-Data-Cleaning/cleaned/audio/bystudent/2013/concert/29965/29965.mp3,/home/yding402/fba-data/MIG-FBA-Data-Cleaning/cleaned/segmentation/bystudent/2013/concert/29965/29965_seginst.csv
30003,/home/yding402/fba-data/MIG-FBA-Data-Cleaning/cleaned/audio/bystudent/2013/concert/30003/30003.mp3,/home/yding402/fba-data/MIG-FBA-Data-Cleaning/cleaned/segmentation/bystudent/2013/concert/30003/30003_seginst.csv
30058,/home/yding402/fba-data/MIG-FBA-Data-Cleaning/cleaned/audio/bystudent/2013/concert/30058/30058.mp3,/home/yding402/fba-data/MIG-FBA-Data-Cleaning/cleaned/segmentation/bystudent/2013/concert/30058/30058_seginst.csv
30074,/home/yding402/fba-data/MIG-FBA-Data-Cleaning/cleaned/audio/bystudent/2013/concert/30074/30074.mp3,/home/yding402/fba-data/MIG-FBA-Data-Cleaning/cleaned/segmentation/bystudent/2013/concert/30074/30074_seginst.csv
30090,/home/yding402/fba-data/MIG-FBA-Data-Cleaning/cleaned/audio/bystudent/2013/concert/30090/30090.mp3,/home/yding402/fba-data/MIG-FBA-Data-Cleaning/cleaned/segmentation/bystudent/2013/concert/30090/30090_seginst.csv
30192,/home/yding402/fba-data/MIG-FBA-Data-Cleaning/cleaned/audio/bystudent/2013/concert/30192/30192.mp3,/home/yding402/fba-data/MIG-FBA-Data-Cleaning/cleaned/segmentation/bystudent/2013/concert/30192/30192_seginst.csv
30291,/home/yding402/fba-data/MIG-FBA-Data-Cleaning/cleaned/audio/bystudent/2013/concert/30291/30291.mp3,/home/yding402/fba-data/MIG-FBA-Data-Cleaning/cleaned/segmentation/bystudent/2013/concert/30291/30291_seginst.csv
30326,/home/yding402/fba-data/MIG-FBA-Data-Cleaning/cleaned/audio/bystudent/2013/concert/30326/30326.mp3,/home/yding402/fba-data/MIG-FBA-Data-Cleaning/cleaned/segmentation/bystudent/2013/concert/30326/30326_seginst.csv
30349,/home/yding402/fba-data/MIG-FBA-Data-Cleaning/cleaned/audio/bystudent/2013/concert/30349/30349.mp3,/home/yding402/fba-data/MIG-FBA-Data-Cleaning/cleaned/segmentation/bystudent/2013/concert/30349/30349_seginst.csv
30527,/home/yding402/fba-data/MIG-FBA-Data-Cleaning/cleaned/audio/bystudent/2013/concert/30527/30527.mp3,/home/yding402/fba-data/MIG-FBA-Data-Cleaning/cleaned/segmentation/bystudent/2013/concert/30527/30527_seginst.csv
30528,/home/yding402/fba-data/MIG-FBA-Data-Cleaning/cleaned/audio/bystudent/2013/concert/30528/30528.mp3,/home/yding402/fba-data/MIG-FBA-Data-Cleaning/cleaned/segmentation/bystudent/2013/concert/30528/30528_seginst.csv
30625,/home/yding402/fba-data/MIG-FBA-Data-Cleaning/cleaned/audio/bystudent/2013/concert/30625/30625.mp3,/home/yding402/fba-data/MIG-FBA-Data-Cleaning/cleaned/segmentation/bystudent/2013/concert/30625/30625_seginst.csv
30715,/home/yding402/fba-data/MIG-FBA-Data-Cleaning/cleaned/audio/bystudent/2013/concert/30715/30715.mp3,/home/yding402/fba-data/MIG-FBA-Data-Cleaning/cleaned/segmentation/bystudent/2013/concert/30715/30715_seginst.csv
30718,/home/yding402/fba-data/MIG-FBA-Data-Cleaning/cleaned/audio/bystudent/2013/concert/30718/30718.mp3,/home/yding402/fba-data/MIG-FBA-Data-Cleaning/cleaned/segmentation/bystudent/2013/concert/30718/30718_seginst.csv
30719,/home/yding402/fba-data/MIG-FBA-Data-Cleaning/cleaned/audio/bystudent/2013/concert/30719/30719.mp3,/home/yding402/fba-data/MIG-FBA-Data-Cleaning/cleaned/segmentation/bystudent/2013/concert/30719/30719_seginst.csv
30763,/home/yding402/fba-data/MIG-FBA-Data-Cleaning/cleaned/audio/bystudent/2013/concert/30763/30763.mp3,/home/yding402/fba-data/MIG-FBA-Data-Cleaning/cleaned/segmentation/bystudent/2013/concert/30763/30763_seginst.csv
30837,/home/yding402/fba-data/MIG-FBA-Data-Cleaning/cleaned/audio/bystudent/2013/concert/30837/30837.mp3,/home/yding402/fba-data/MIG-FBA-Data-Cleaning/cleaned/segmentation/bystudent/2013/concert/30837/30837_seginst.csv
30880,/home/yding402/fba-data/MIG-FBA-Data-Cleaning/cleaned/audio/bystudent/2013/concert/30880/30880.mp3,/home/yding402/fba-data/MIG-FBA-Data-Cleaning/cleaned/segmentation/bystudent/2013/concert/30880/30880_seginst.csv
30902,/home/yding402/fba-data/MIG-FBA-Data-Cleaning/cleaned/audio/bystudent/2013/concert/30902/30902.mp3,/home/yding402/fba-data/MIG-FBA-Data-Cleaning/cleaned/segmentation/bystudent/2013/concert/30902/30902_seginst.csv
30911,/home/yding402/fba-data/MIG-FBA-Data-Cleaning/cleaned/audio/bystudent/2013/concert/30911/30911.mp3,/home/yding402/fba-data/MIG-FBA-Data-Cleaning/cleaned/segmentation/bystudent/2013/concert/30911/30911_seginst.csv
30985,/home/yding402/fba-data/MIG-FBA-Data-Cleaning/cleaned/audio/bystudent/2013/concert/30985/30985.mp3,/home/yding402/fba-data/MIG-FBA-Data-Cleaning/cleaned/segmentation/bystudent/2013/concert/30985/30985_seginst.csv
31111,/home/yding402/fba-data/MIG-FBA-Data-Cleaning/cleaned/audio/bystudent/2013/concert/31111/31111.mp3,/home/yding402/fba-data/MIG-FBA-Data-Cleaning/cleaned/segmentation/bystudent/2013/concert/31111/31111_seginst.csv
31114,/home/yding402/fba-data/MIG-FBA-Data-Cleaning/cleaned/audio/bystudent/2013/concert/31114/31114.mp3,/home/yding402/fba-data/MIG-FBA-Data-Cleaning/cleaned/segmentation/bystudent/2013/concert/31114/31114_seginst.csv
31154,/home/yding402/fba-data/MIG-FBA-Data-Cleaning/cleaned/audio/bystudent/2013/concert/31154/31154.mp3,/home/yding402/fba-data/MIG-FBA-Data-Cleaning/cleaned/segmentation/bystudent/2013/concert/31154/31154_seginst.csv
31233,/home/yding402/fba-data/MIG-FBA-Data-Cleaning/cleaned/audio/bystudent/2013/concert/31233/31233.mp3,/home/yding402/fba-data/MIG-FBA-Data-Cleaning/cleaned/segmentation/bystudent/2013/concert/31233/31233_seginst.csv
31234,/home/yding402/fba-data/MIG-FBA-Data-Cleaning/cleaned/audio/bystudent/2013/concert/31234/31234.mp3,/home/yding402/fba-data/MIG-FBA-Data-Cleaning/cleaned/segmentation/bystudent/2013/concert/31234/31234_seginst.csv
31281,/home/yding402/fba-data/MIG-FBA-Data-Cleaning/cleaned/audio/bystudent/2013/concert/31281/31281.mp3,/home/yding402/fba-data/MIG-FBA-Data-Cleaning/cleaned/segmentation/bystudent/2013/concert/31281/31281_seginst.csv
31485,/home/yding402/fba-data/MIG-FBA-Data-Cleaning/cleaned/audio/bystudent/2013/concert/31485/31485.mp3,/home/yding402/fba-data/MIG-FBA-Data-Cleaning/cleaned/segmentation/bystudent/2013/concert/31485/31485_seginst.csv
31487,/home/yding402/fba-data/MIG-FBA-Data-Cleaning/cleaned/audio/bystudent/2013/concert/31487/31487.mp3,/home/yding402/fba-data/MIG-FBA-Data-Cleaning/cleaned/segmentation/bystudent/2013/concert/31487/31487_seginst.csv
31507,/home/yding402/fba-data/MIG-FBA-Data-Cleaning/cleaned/audio/bystudent/2013/concert/31507/31507.mp3,/home/yding402/fba-data/MIG-FBA-Data-Cleaning/cleaned/segmentation/bystudent/2013/concert/31507/31507_seginst.csv
31508,/home/yding402/fba-data/MIG-FBA-Data-Cleaning/cleaned/audio/bystudent/2013/concert/31508/31508.mp3,/home/yding402/fba-data/MIG-FBA-Data-Cleaning/cleaned/segmentation/bystudent/2013/concert/31508/31508_seginst.csv
31511,/home/yding402/fba-data/MIG-FBA-Data-Cleaning/cleaned/audio/bystudent/2013/concert/31511/31511.mp3,/home/yding402/fba-data/MIG-FBA-Data-Cleaning/cleaned/segmentation/bystudent/2013/concert/31511/31511_seginst.csv
31513,/home/yding402/fba-data/MIG-FBA-Data-Cleaning/cleaned/audio/bystudent/2013/concert/31513/31513.mp3,/home/yding402/fba-data/MIG-FBA-Data-Cleaning/cleaned/segmentation/bystudent/2013/concert/31513/31513_seginst.csv
31516,/home/yding402/fba-data/MIG-FBA-Data-Cleaning/cleaned/audio/bystudent/2013/concert/31516/31516.mp3,/home/yding402/fba-data/MIG-FBA-Data-Cleaning/cleaned/segmentation/bystudent/2013/concert/31516/31516_seginst.csv
31589,/home/yding402/fba-data/MIG-FBA-Data-Cleaning/cleaned/audio/bystudent/2013/concert/31589/31589.mp3,/home/yding402/fba-data/MIG-FBA-Data-Cleaning/cleaned/segmentation/bystudent/2013/concert/31589/31589_seginst.csv
31607,/home/yding402/fba-data/MIG-FBA-Data-Cleaning/cleaned/audio/bystudent/2013/concert/31607/31607.mp3,/home/yding402/fba-data/MIG-FBA-Data-Cleaning/cleaned/segmentation/bystudent/2013/concert/31607/31607_seginst.csv
31610,/home/yding402/fba-data/MIG-FBA-Data-Cleaning/cleaned/audio/bystudent/2013/concert/31610/31610.mp3,/home/yding402/fba-data/MIG-FBA-Data-Cleaning/cleaned/segmentation/bystudent/2013/concert/31610/31610_seginst.csv
31691,/home/yding402/fba-data/MIG-FBA-Data-Cleaning/cleaned/audio/bystudent/2013/concert/31691/31691.mp3,/home/yding402/fba-data/MIG-FBA-Data-Cleaning/cleaned/segmentation/bystudent/2013/concert/31691/31691_seginst.csv
31716,/home/yding402/fba-data/MIG-FBA-Data-Cleaning/cleaned/audio/bystudent/2013/concert/31716/31716.mp3,/home/yding402/fba-data/MIG-FBA-Data-Cleaning/cleaned/segmentation/bystudent/2013/concert/31716/31716_seginst.csv
31799,/home/yding402/fba-data/MIG-FBA-Data-Cleaning/cleaned/audio/bystudent/2013/concert/31799/31799.mp3,/home/yding402/fba-data/MIG-FBA-Data-Cleaning/cleaned/segmentation/bystudent/2013/concert/31799/31799_seginst.csv
31800,/home/yding402/fba-data/MIG-FBA-Data-Cleaning/cleaned/audio/bystudent/2013/concert/31800/31800.mp3,/home/yding402/fba-data/MIG-FBA-Data-Cleaning/cleaned/segmentation/bystudent/2013/concert/31800/31800_seginst.csv
31801,/home/yding402/fba-data/MIG-FBA-Data-Cleaning/cleaned/audio/bystudent/2013/concert/31801/31801.mp3,/home/yding402/fba-data/MIG-FBA-Data-Cleaning/cleaned/segmentation/bystudent/2013/concert/31801/31801_seginst.csv
31842,/home/yding402/fba-data/MIG-FBA-Data-Cleaning/cleaned/audio/bystudent/2013/concert/31842/31842.mp3,/home/yding402/fba-data/MIG-FBA-Data-Cleaning/cleaned/segmentation/bystudent/2013/concert/31842/31842_seginst.csv
31843,/home/yding402/fba-data/MIG-FBA-Data-Cleaning/cleaned/audio/bystudent/2013/concert/31843/31843.mp3,/home/yding402/fba-data/MIG-FBA-Data-Cleaning/cleaned/segmentation/bystudent/2013/concert/31843/31843_seginst.csv
31889,/home/yding402/fba-data/MIG-FBA-Data-Cleaning/cleaned/audio/bystudent/2013/concert/31889/31889.mp3,/home/yding402/fba-data/MIG-FBA-Data-Cleaning/cleaned/segmentation/bystudent/2013/concert/31889/31889_seginst.csv
31963,/home/yding402/fba-data/MIG-FBA-Data-Cleaning/cleaned/audio/bystudent/2013/concert/31963/31963.mp3,/home/yding402/fba-data/MIG-FBA-Data-Cleaning/cleaned/segmentation/bystudent/2013/concert/31963/31963_seginst.csv
32009,/home/yding402/fba-data/MIG-FBA-Data-Cleaning/cleaned/audio/bystudent/2013/concert/32009/32009.mp3,/home/yding402/fba-data/MIG-FBA-Data-Cleaning/cleaned/segmentation/bystudent/2013/concert/32009/32009_seginst.csv
32065,/home/yding402/fba-data/MIG-FBA-Data-Cleaning/cleaned/audio/bystudent/2013/concert/32065/32065.mp3,/home/yding402/fba-data/MIG-FBA-Data-Cleaning/cleaned/segmentation/bystudent/2013/concert/32065/32065_seginst.csv
32078,/home/yding402/fba-data/MIG-FBA-Data-Cleaning/cleaned/audio/bystudent/2013/concert/32078/32078.mp3,/home/yding402/fba-data/MIG-FBA-Data-Cleaning/cleaned/segmentation/bystudent/2013/concert/32078/32078_seginst.csv
32412,/home/yding402/fba-data/MIG-FBA-Data-Cleaning/cleaned/audio/bystudent/2013/concert/32412/32412.mp3,/home/yding402/fba-data/MIG-FBA-Data-Cleaning/cleaned/segmentation/bystudent/2013/concert/32412/32412_seginst.csv
32453,/home/yding402/fba-data/MIG-FBA-Data-Cleaning/cleaned/audio/bystudent/2013/concert/32453/32453.mp3,/home/yding402/fba-data/MIG-FBA-Data-Cleaning/cleaned/segmentation/bystudent/2013/concert/32453/32453_seginst.csv
32500,/home/yding402/fba-data/MIG-FBA-Data-Cleaning/cleaned/audio/bystudent/2013/concert/32500/32500.mp3,/home/yding402/fba-data/MIG-FBA-Data-Cleaning/cleaned/segmentation/bystudent/2013/concert/32500/32500_seginst.csv
32519,/home/yding402/fba-data/MIG-FBA-Data-Cleaning/cleaned/audio/bystudent/2013/concert/32519/32519.mp3,/home/yding402/fba-data/MIG-FBA-Data-Cleaning/cleaned/segmentation/bystudent/2013/concert/32519/32519_seginst.csv
32724,/home/yding402/fba-data/MIG-FBA-Data-Cleaning/cleaned/audio/bystudent/2013/concert/32724/32724.mp3,/home/yding402/fba-data/MIG-FBA-Data-Cleaning/cleaned/segmentation/bystudent/2013/concert/32724/32724_seginst.csv
32754,/home/yding402/fba-data/MIG-FBA-Data-Cleaning/cleaned/audio/bystudent/2013/concert/32754/32754.mp3,/home/yding402/fba-data/MIG-FBA-Data-Cleaning/cleaned/segmentation/bystudent/2013/concert/32754/32754_seginst.csv
32807,/home/yding402/fba-data/MIG-FBA-Data-Cleaning/cleaned/audio/bystudent/2013/concert/32807/32807.mp3,/home/yding402/fba-data/MIG-FBA-Data-Cleaning/cleaned/segmentation/bystudent/2013/concert/32807/32807_seginst.csv
32843,/home/yding402/fba-data/MIG-FBA-Data-Cleaning/cleaned/audio/bystudent/2013/concert/32843/32843.mp3,/home/yding402/fba-data/MIG-FBA-Data-Cleaning/cleaned/segmentation/bystudent/2013/concert/32843/32843_seginst.csv
32879,/home/yding402/fba-data/MIG-FBA-Data-Cleaning/cleaned/audio/bystudent/2013/concert/32879/32879.mp3,/home/yding402/fba-data/MIG-FBA-Data-Cleaning/cleaned/segmentation/bystudent/2013/concert/32879/32879_seginst.csv
32881,/home/yding402/fba-data/MIG-FBA-Data-Cleaning/cleaned/audio/bystudent/2013/concert/32881/32881.mp3,/home/yding402/fba-data/MIG-FBA-Data-Cleaning/cleaned/segmentation/bystudent/2013/concert/32881/32881_seginst.csv
32982,/home/yding402/fba-data/MIG-FBA-Data-Cleaning/cleaned/audio/bystudent/2013/concert/32982/32982.mp3,/home/yding402/fba-data/MIG-FBA-Data-Cleaning/cleaned/segmentation/bystudent/2013/concert/32982/32982_seginst.csv
33250,/home/yding402/fba-data/MIG-FBA-Data-Cleaning/cleaned/audio/bystudent/2013/concert/33250/33250.mp3,/home/yding402/fba-data/MIG-FBA-Data-Cleaning/cleaned/segmentation/bystudent/2013/concert/33250/33250_seginst.csv
33496,/home/yding402/fba-data/MIG-FBA-Data-Cleaning/cleaned/audio/bystudent/2013/concert/33496/33496.mp3,/home/yding402/fba-data/MIG-FBA-Data-Cleaning/cleaned/segmentation/bystudent/2013/concert/33496/33496_seginst.csv
33528,/home/yding402/fba-data/MIG-FBA-Data-Cleaning/cleaned/audio/bystudent/2013/concert/33528/33528.mp3,/home/yding402/fba-data/MIG-FBA-Data-Cleaning/cleaned/segmentation/bystudent/2013/concert/33528/33528_seginst.csv
33617,/home/yding402/fba-data/MIG-FBA-Data-Cleaning/cleaned/audio/bystudent/2013/concert/33617/33617.mp3,/home/yding402/fba-data/MIG-FBA-Data-Cleaning/cleaned/segmentation/bystudent/2013/concert/33617/33617_seginst.csv
33618,/home/yding402/fba-data/MIG-FBA-Data-Cleaning/cleaned/audio/bystudent/2013/concert/33618/33618.mp3,/home/yding402/fba-data/MIG-FBA-Data-Cleaning/cleaned/segmentation/bystudent/2013/concert/33618/33618_seginst.csv
33619,/home/yding402/fba-data/MIG-FBA-Data-Cleaning/cleaned/audio/bystudent/2013/concert/33619/33619.mp3,/home/yding402/fba-data/MIG-FBA-Data-Cleaning/cleaned/segmentation/bystudent/2013/concert/33619/33619_seginst.csv
33682,/home/yding402/fba-data/MIG-FBA-Data-Cleaning/cleaned/audio/bystudent/2013/concert/33682/33682.mp3,/home/yding402/fba-data/MIG-FBA-Data-Cleaning/cleaned/segmentation/bystudent/2013/concert/33682/33682_seginst.csv
33770,/home/yding402/fba-data/MIG-FBA-Data-Cleaning/cleaned/audio/bystudent/2013/concert/33770/33770.mp3,/home/yding402/fba-data/MIG-FBA-Data-Cleaning/cleaned/segmentation/bystudent/2013/concert/33770/33770_seginst.csv
33780,/home/yding402/fba-data/MIG-FBA-Data-Cleaning/cleaned/audio/bystudent/2013/concert/33780/33780.mp3,/home/yding402/fba-data/MIG-FBA-Data-Cleaning/cleaned/segmentation/bystudent/2013/concert/33780/33780_seginst.csv
33832,/home/yding402/fba-data/MIG-FBA-Data-Cleaning/cleaned/audio/bystudent/2013/concert/33832/33832.mp3,/home/yding402/fba-data/MIG-FBA-Data-Cleaning/cleaned/segmentation/bystudent/2013/concert/33832/33832_seginst.csv
33904,/home/yding402/fba-data/MIG-FBA-Data-Cleaning/cleaned/audio/bystudent/2013/concert/33904/33904.mp3,/home/yding402/fba-data/MIG-FBA-Data-Cleaning/cleaned/segmentation/bystudent/2013/concert/33904/33904_seginst.csv
33951,/home/yding402/fba-data/MIG-FBA-Data-Cleaning/cleaned/audio/bystudent/2013/concert/33951/33951.mp3,/home/yding402/fba-data/MIG-FBA-Data-Cleaning/cleaned/segmentation/bystudent/2013/concert/33951/33951_seginst.csv
33982,/home/yding402/fba-data/MIG-FBA-Data-Cleaning/cleaned/audio/bystudent/2013/concert/33982/33982.mp3,/home/yding402/fba-data/MIG-FBA-Data-Cleaning/cleaned/segmentation/bystudent/2013/concert/33982/33982_seginst.csv
33983,/home/yding402/fba-data/MIG-FBA-Data-Cleaning/cleaned/audio/bystudent/2013/concert/33983/33983.mp3,/home/yding402/fba-data/MIG-FBA-Data-Cleaning/cleaned/segmentation/bystudent/2013/concert/33983/33983_seginst.csv
34234,/home/yding402/fba-data/MIG-FBA-Data-Cleaning/cleaned/audio/bystudent/2013/concert/34234/34234.mp3,/home/yding402/fba-data/MIG-FBA-Data-Cleaning/cleaned/segmentation/bystudent/2013/concert/34234/34234_seginst.csv
34477,/home/yding402/fba-data/MIG-FBA-Data-Cleaning/cleaned/audio/bystudent/2013/concert/34477/34477.mp3,/home/yding402/fba-data/MIG-FBA-Data-Cleaning/cleaned/segmentation/bystudent/2013/concert/34477/34477_seginst.csv
34936,/home/yding402/fba-data/MIG-FBA-Data-Cleaning/cleaned/audio/bystudent/2013/concert/34936/34936.mp3,/home/yding402/fba-data/MIG-FBA-Data-Cleaning/cleaned/segmentation/bystudent/2013/concert/34936/34936_seginst.csv
34937,/home/yding402/fba-data/MIG-FBA-Data-Cleaning/cleaned/audio/bystudent/2013/concert/34937/34937.mp3,/home/yding402/fba-data/MIG-FBA-Data-Cleaning/cleaned/segmentation/bystudent/2013/concert/34937/34937_seginst.csv
35103,/home/yding402/fba-data/MIG-FBA-Data-Cleaning/cleaned/audio/bystudent/2013/concert/35103/35103.mp3,/home/yding402/fba-data/MIG-FBA-Data-Cleaning/cleaned/segmentation/bystudent/2013/concert/35103/35103_seginst.csv
35375,/home/yding402/fba-data/MIG-FBA-Data-Cleaning/cleaned/audio/bystudent/2013/concert/35375/35375.mp3,/home/yding402/fba-data/MIG-FBA-Data-Cleaning/cleaned/segmentation/bystudent/2013/concert/35375/35375_seginst.csv
35529,/home/yding402/fba-data/MIG-FBA-Data-Cleaning/cleaned/audio/bystudent/2013/concert/35529/35529.mp3,/home/yding402/fba-data/MIG-FBA-Data-Cleaning/cleaned/segmentation/bystudent/2013/concert/35529/35529_seginst.csv
35835,/home/yding402/fba-data/MIG-FBA-Data-Cleaning/cleaned/audio/bystudent/2013/concert/35835/35835.mp3,/home/yding402/fba-data/MIG-FBA-Data-Cleaning/cleaned/segmentation/bystudent/2013/concert/35835/35835_seginst.csv
35980,/home/yding402/fba-data/MIG-FBA-Data-Cleaning/cleaned/audio/bystudent/2013/concert/35980/35980.mp3,/home/yding402/fba-data/MIG-FBA-Data-Cleaning/cleaned/segmentation/bystudent/2013/concert/35980/35980_seginst.csv
36234,/home/yding402/fba-data/MIG-FBA-Data-Cleaning/cleaned/audio/bystudent/2013/concert/36234/36234.mp3,/home/yding402/fba-data/MIG-FBA-Data-Cleaning/cleaned/segmentation/bystudent/2013/concert/36234/36234_seginst.csv
36675,/home/yding402/fba-data/MIG-FBA-Data-Cleaning/cleaned/audio/bystudent/2013/concert/36675/36675.mp3,/home/yding402/fba-data/MIG-FBA-Data-Cleaning/cleaned/segmentation/bystudent/2013/concert/36675/36675_seginst.csv
36738,/home/yding402/fba-data/MIG-FBA-Data-Cleaning/cleaned/audio/bystudent/2013/concert/36738/36738.mp3,/home/yding402/fba-data/MIG-FBA-Data-Cleaning/cleaned/segmentation/bystudent/2013/concert/36738/36738_seginst.csv
36740,/home/yding402/fba-data/MIG-FBA-Data-Cleaning/cleaned/audio/bystudent/2013/concert/36740/36740.mp3,/home/yding402/fba-data/MIG-FBA-Data-Cleaning/cleaned/segmentation/bystudent/2013/concert/36740/36740_seginst.csv
37188,/home/yding402/fba-data/MIG-FBA-Data-Cleaning/cleaned/audio/bystudent/2013/concert/37188/37188.mp3,/home/yding402/fba-data/MIG-FBA-Data-Cleaning/cleaned/segmentation/bystudent/2013/concert/37188/37188_seginst.csv
37189,/home/yding402/fba-data/MIG-FBA-Data-Cleaning/cleaned/audio/bystudent/2013/concert/37189/37189.mp3,/home/yding402/fba-data/MIG-FBA-Data-Cleaning/cleaned/segmentation/bystudent/2013/concert/37189/37189_seginst.csv
37253,/home/yding402/fba-data/MIG-FBA-Data-Cleaning/cleaned/audio/bystudent/2013/concert/37253/37253.mp3,/home/yding402/fba-data/MIG-FBA-Data-Cleaning/cleaned/segmentation/bystudent/2013/concert/37253/37253_seginst.csv
37270,/home/yding402/fba-data/MIG-FBA-Data-Cleaning/cleaned/audio/bystudent/2013/concert/37270/37270.mp3,/home/yding402/fba-data/MIG-FBA-Data-Cleaning/cleaned/segmentation/bystudent/2013/concert/37270/37270_seginst.csv
37278,/home/yding402/fba-data/MIG-FBA-Data-Cleaning/cleaned/audio/bystudent/2013/concert/37278/37278.mp3,/home/yding402/fba-data/MIG-FBA-Data-Cleaning/cleaned/segmentation/bystudent/2013/concert/37278/37278_seginst.csv
37286,/home/yding402/fba-data/MIG-FBA-Data-Cleaning/cleaned/audio/bystudent/2013/concert/37286/37286.mp3,/home/yding402/fba-data/MIG-FBA-Data-Cleaning/cleaned/segmentation/bystudent/2013/concert/37286/37286_seginst.csv
37292,/home/yding402/fba-data/MIG-FBA-Data-Cleaning/cleaned/audio/bystudent/2013/concert/37292/37292.mp3,/home/yding402/fba-data/MIG-FBA-Data-Cleaning/cleaned/segmentation/bystudent/2013/concert/37292/37292_seginst.csv
37309,/home/yding402/fba-data/MIG-FBA-Data-Cleaning/cleaned/audio/bystudent/2013/concert/37309/37309.mp3,/home/yding402/fba-data/MIG-FBA-Data-Cleaning/cleaned/segmentation/bystudent/2013/concert/37309/37309_seginst.csv
37313,/home/yding402/fba-data/MIG-FBA-Data-Cleaning/cleaned/audio/bystudent/2013/concert/37313/37313.mp3,/home/yding402/fba-data/MIG-FBA-Data-Cleaning/cleaned/segmentation/bystudent/2013/concert/37313/37313_seginst.csv
37316,/home/yding402/fba-data/MIG-FBA-Data-Cleaning/cleaned/audio/bystudent/2013/concert/37316/37316.mp3,/home/yding402/fba-data/MIG-FBA-Data-Cleaning/cleaned/segmentation/bystudent/2013/concert/37316/37316_seginst.csv
37334,/home/yding402/fba-data/MIG-FBA-Data-Cleaning/cleaned/audio/bystudent/2013/concert/37334/37334.mp3,/home/yding402/fba-data/MIG-FBA-Data-Cleaning/cleaned/segmentation/bystudent/2013/concert/37334/37334_seginst.csv
37342,/home/yding402/fba-data/MIG-FBA-Data-Cleaning/cleaned/audio/bystudent/2013/concert/37342/37342.mp3,/home/yding402/fba-data/MIG-FBA-Data-Cleaning/cleaned/segmentation/bystudent/2013/concert/37342/37342_seginst.csv
37762,/home/yding402/fba-data/MIG-FBA-Data-Cleaning/cleaned/audio/bystudent/2013/concert/37762/37762.mp3,/home/yding402/fba-data/MIG-FBA-Data-Cleaning/cleaned/segmentation/bystudent/2013/concert/37762/37762_seginst.csv
37763,/home/yding402/fba-data/MIG-FBA-Data-Cleaning/cleaned/audio/bystudent/2013/concert/37763/37763.mp3,/home/yding402/fba-data/MIG-FBA-Data-Cleaning/cleaned/segmentation/bystudent/2013/concert/37763/37763_seginst.csv
37765,/home/yding402/fba-data/MIG-FBA-Data-Cleaning/cleaned/audio/bystudent/2013/concert/37765/37765.mp3,/home/yding402/fba-data/MIG-FBA-Data-Cleaning/cleaned/segmentation/bystudent/2013/concert/37765/37765_seginst.csv
38653,/home/yding402/fba-data/MIG-FBA-Data-Cleaning/cleaned/audio/bystudent/2013/concert/38653/38653.mp3,/home/yding402/fba-data/MIG-FBA-Data-Cleaning/cleaned/segmentation/bystudent/2013/concert/38653/38653_seginst.csv
38678,/home/yding402/fba-data/MIG-FBA-Data-Cleaning/cleaned/audio/bystudent/2013/concert/38678/38678.mp3,/home/yding402/fba-data/MIG-FBA-Data-Cleaning/cleaned/segmentation/bystudent/2013/concert/38678/38678_seginst.csv
